id,full_name,city,age,email
2, Alex Davis ,new york,,alex.davis@try.org
821,    ,Los angeles,45,james.brown@demo.com
523,  Olivia Martinez  ,PHILADELPHIA,52,olivia.martinez@sample.net
235,Alex Garcia ,chicago,,alex.garcia@try.org
22,James Thomas  ,san diego,52,JAMES.THOMAS@DEMO.COM
269, Chris Lopez  ,los angeles,52,chris.lopez@try.org
551, Olivia Anderson ,chicago,33,OLIVIA.ANDERSON@TRY.ORG
461, Chris Garcia ,philadelphia,26,
45,Olivia Davis,Chicago,23,olivia.davis@demo.com
505,  Daniel Brown,NEW YORK,39,DANIEL.BROWN@TRY.ORG
713,  James Anderson ,houston,,james.anderson@try.org
947, Emma Brown ,San antonio,29,emma.brown@sample.net
273,John Thomas ,phoenix,37,john.thomas@try.org
555,Olivia Moore  ,Phoenix,26,
292,John Lopez  ,san diego,18,john.lopez@try.org
106,  ,HOUSTON,30,JOHN.WILSON@SAMPLE.NET
217, Olivia Moore,los angeles,45,OLIVIA.MOORE@SAMPLE.NET
312,Linda Anderson,NEW YORK,33,linda.anderson@sample.net
488, Maria Davis,philadelphia,43,maria.davis@sample.net
394, Maria Garcia  ,san diego,24,maria.garcia@demo.com
118, John Wilson,NEW YORK,32,john.wilson@try.org
60,Olivia Brown ,Houston,18,olivia.brown@sample.net
867,Daniel Brown ,new york,34,daniel.brown@try.org
204, James Anderson ,   ,57,james.anderson@try.org
375,  James Brown ,san diego,,james.brown@try.org
124,  John Brown  ,Los angeles,44,john.brown@try.org
927,  Sophia Davis  ,HOUSTON,46,sophia.davis@sample.net
25,,    ,29,john.wilson@sample.net
433,  Maria Moore,houston,60,maria.moore@demo.com
548,Maria Garcia  ,los angeles,63,   
697,Chris Anderson,Los angeles,42,chris.anderson@try.org
866,,chicago,50,maria.brown@sample.net
771,Daniel Brown  ,chicago,33,DANIEL.BROWN@SAMPLE.NET
238, Olivia Lopez  , ,41,olivia.lopez@demo.com
665,  Emma Wilson  ,san diego,38,emma.wilson@sample.net
902,Chris Lopez,new york,59,chris.lopez@try.org
440,Linda Thomas ,new york,22,   
34, ,philadelphia,53,james.brown@try.org
572,John Garcia  ,San antonio,40,   
522,,san diego,32,JOHN.THOMAS@SAMPLE.NET
97,James Brown  ,CHICAGO,46,james.brown@sample.net
370,  Chris Thomas ,    ,31,CHRIS.THOMAS@SAMPLE.NET
642,Linda Thomas  ,CHICAGO,37,linda.thomas@sample.net
793, Olivia Taylor ,PHOENIX,57,olivia.taylor@try.org
477,  Alex Garcia ,phoenix,44,alex.garcia@try.org
626,  John Garcia,Phoenix,36,john.garcia@sample.net
671, Olivia Anderson  ,  ,45,OLIVIA.ANDERSON@TRY.ORG
235,Maria Wilson  ,san diego,37,maria.wilson@demo.com
949,  Chris Taylor  ,HOUSTON,24,chris.taylor@demo.com
729,James Martinez  ,los angeles,31,
120, Maria Wilson,philadelphia,27,maria.wilson@try.org
247, Olivia Taylor,philadelphia,59,olivia.taylor@sample.net
487, John Lopez,houston,43,JOHN.LOPEZ@TRY.ORG
789,  Linda Moore ,Philadelphia,,LINDA.MOORE@SAMPLE.NET
665,John Martinez  ,San antonio,60,john.martinez@demo.com
383,Chris Brown ,  ,32,chris.brown@try.org
694,  John Martinez,san diego,58,   
58, Daniel Martinez ,PHOENIX,22,DANIEL.MARTINEZ@SAMPLE.NET
339,  Alex Lopez,san antonio,37,alex.lopez@try.org
505,  Chris Taylor ,san diego,26,chris.taylor@demo.com
649,Linda Martinez  ,chicago,30,
860,  Emma Moore,San diego,52,emma.moore@sample.net
65,Emma Wilson ,NEW YORK,63,emma.wilson@try.org
709,  John Brown,HOUSTON,,john.brown@demo.com
256,  John Taylor  ,los angeles,22,JOHN.TAYLOR@TRY.ORG
726, Linda Martinez  ,HOUSTON,25,linda.martinez@demo.com
111,  Chris Brown  ,SAN ANTONIO,31,chris.brown@demo.com
657,  Maria Taylor  ,new york,26,MARIA.TAYLOR@TRY.ORG
686,,SAN DIEGO,44,chris.davis@sample.net
897,  John Moore  ,philadelphia,30,john.moore@sample.net
908,  Linda Taylor ,phoenix,,linda.taylor@sample.net
81, James Garcia  ,PHOENIX,55,james.garcia@sample.net
135,  Linda Moore ,new york,22,linda.moore@demo.com
447, Sophia Garcia ,san antonio,,sophia.garcia@demo.com
66,John Davis  ,SAN DIEGO,27,john.davis@try.org
841,Linda Taylor  ,CHICAGO,,linda.taylor@demo.com
187,  Daniel Thomas ,LOS ANGELES,58,   
78,  ,philadelphia,27,john.martinez@try.org
386,Linda Lopez,SAN ANTONIO,48,LINDA.LOPEZ@SAMPLE.NET
573,Sophia Brown,HOUSTON,29,
186,Chris Wilson ,san antonio,47,CHRIS.WILSON@SAMPLE.NET
316, Maria Wilson,new york,24,maria.wilson@try.org
521,  Daniel Garcia,phoenix,34,daniel.garcia@demo.com
633,Emma Taylor ,philadelphia,54,EMMA.TAYLOR@DEMO.COM
646, Olivia Anderson  ,houston,53,OLIVIA.ANDERSON@TRY.ORG
357, Emma Garcia ,philadelphia,53,emma.garcia@sample.net
148, James Lopez,los angeles,49,JAMES.LOPEZ@DEMO.COM
164,  Sophia Brown,SAN ANTONIO,46,SOPHIA.BROWN@DEMO.COM
280,John Anderson  ,  ,29,john.anderson@demo.com
68, ,PHILADELPHIA,44,
114,John Anderson,los angeles,48,john.anderson@sample.net
580,Emma Wilson ,chicago,23,emma.wilson@sample.net
283,Maria Thomas,san antonio,50,maria.thomas@sample.net
316,Sophia Martinez,philadelphia,48,SOPHIA.MARTINEZ@SAMPLE.NET
317, Maria Wilson,Chicago,39,maria.wilson@try.org
837, Linda Thomas,san antonio,,linda.thomas@try.org
274,  Linda Garcia  ,  ,53,linda.garcia@try.org
856,,San antonio,42,daniel.brown@try.org
70,  James Taylor  ,philadelphia,41,JAMES.TAYLOR@SAMPLE.NET
76, John Martinez,  ,61,   
902,Olivia Lopez  ,san antonio,,
728,  Daniel Davis ,san diego,41,   
372, Alex Garcia,san diego,55,alex.garcia@try.org
190, Sophia Lopez  ,philadelphia,28,
778, Sophia Brown  ,los angeles,52,sophia.brown@sample.net
895,  Sophia Garcia,san antonio,54,sophia.garcia@demo.com
104, Alex Taylor  ,san diego,36,ALEX.TAYLOR@TRY.ORG
412, Sophia Thomas  ,PHOENIX,37,
757,  Maria Taylor  ,San diego,53,maria.taylor@sample.net
295,  Olivia Martinez ,los angeles,47,olivia.martinez@demo.com
209, Olivia Moore, ,24,olivia.moore@demo.com
878,Olivia Brown,San diego,65,
859, Maria Martinez ,LOS ANGELES,47,maria.martinez@demo.com
472,Linda Moore,new york,36,LINDA.MOORE@TRY.ORG
490, Chris Wilson,philadelphia,28,CHRIS.WILSON@DEMO.COM
539, Sophia Moore ,houston,59,sophia.moore@demo.com
143,,Chicago,18,emma.martinez@sample.net
113,  Chris Thomas ,philadelphia,54,CHRIS.THOMAS@TRY.ORG
925,  James Taylor  ,PHILADELPHIA,63,   
147, Linda Moore,Los angeles,38,linda.moore@sample.net
854,Linda Davis,LOS ANGELES,22,linda.davis@try.org
364,  James Davis ,phoenix,45,JAMES.DAVIS@SAMPLE.NET
697,Linda Moore  ,san antonio,63,   
934, James Thomas ,chicago,56,james.thomas@demo.com
24,Linda Taylor  ,phoenix,,linda.taylor@demo.com
622,Daniel Garcia  ,houston,,daniel.garcia@try.org
46, Chris Anderson,San diego,,chris.anderson@try.org
80,  Chris Thomas  ,new york,25,chris.thomas@sample.net
134,Maria Moore,Philadelphia,36,maria.moore@sample.net
578, ,HOUSTON,22,john.thomas@try.org
170,Daniel Moore,houston,24,DANIEL.MOORE@DEMO.COM
163,  Daniel Brown ,san antonio,,daniel.brown@sample.net
515,,PHILADELPHIA,40,john.wilson@try.org
561,Daniel Thomas ,PHOENIX,62,daniel.thomas@sample.net
222,Olivia Anderson  ,New york,55,   
865,    ,San diego,27,OLIVIA.MARTINEZ@SAMPLE.NET
326,  James Davis ,San antonio,20,james.davis@sample.net
546,Olivia Lopez  ,HOUSTON,43,olivia.lopez@sample.net
464,Chris Anderson  ,   ,,chris.anderson@try.org
798, Maria Thomas ,LOS ANGELES,21,MARIA.THOMAS@SAMPLE.NET
225, James Lopez ,new york,64,james.lopez@demo.com
392,Sophia Brown,LOS ANGELES,59,SOPHIA.BROWN@TRY.ORG
302,Alex Thomas,Phoenix,31,alex.thomas@sample.net
121,  Alex Garcia  ,   ,,   
486,Chris Wilson  ,chicago,19,
873,Olivia Wilson ,houston,64,olivia.wilson@demo.com
387, John Anderson  ,  ,48,john.anderson@try.org
616, Alex Martinez  ,san diego,62,alex.martinez@sample.net
331,    ,los angeles,20,olivia.anderson@demo.com
830, Sophia Martinez,houston,33,sophia.martinez@try.org
493, James Moore  ,san antonio,28,JAMES.MOORE@SAMPLE.NET
369, Chris Taylor ,new york,,chris.taylor@sample.net
183,James Davis ,phoenix,44,james.davis@sample.net
206,Chris Garcia ,PHILADELPHIA,,CHRIS.GARCIA@DEMO.COM
611,Sophia Davis  ,chicago,63,sophia.davis@sample.net
363,Olivia Anderson ,phoenix,37,OLIVIA.ANDERSON@SAMPLE.NET
594,  John Lopez  ,phoenix,29,john.lopez@try.org
181,  Emma Lopez  ,Chicago,65,   
42,  Emma Garcia,los angeles,36,   
519,  ,houston,54,daniel.thomas@try.org
347,  Olivia Davis ,los angeles,,   
611,  Sophia Lopez ,phoenix,30,sophia.lopez@try.org
16,James Moore,   ,48,james.moore@try.org
346, ,Houston,22,olivia.wilson@try.org
639,  Olivia Thomas  ,philadelphia,19,OLIVIA.THOMAS@SAMPLE.NET
18,,PHOENIX,,MARIA.LOPEZ@SAMPLE.NET
108,    ,Phoenix,55,OLIVIA.LOPEZ@DEMO.COM
454,Maria Martinez  ,LOS ANGELES,46,maria.martinez@demo.com
626, Maria Brown  ,   ,53,maria.brown@demo.com
432, Daniel Anderson ,san diego,46,DANIEL.ANDERSON@DEMO.COM
150, Chris Brown ,chicago,50,chris.brown@sample.net
136,John Taylor ,philadelphia,52,john.taylor@demo.com
8,  Sophia Brown ,chicago,51,   
312, Sophia Garcia  ,NEW YORK,55,sophia.garcia@try.org
364,  Daniel Lopez ,los angeles,51,daniel.lopez@try.org
456, Emma Lopez  ,San diego,46,emma.lopez@demo.com
100,James Wilson  ,CHICAGO,47,james.wilson@sample.net
320,  Alex Davis,houston,18,alex.davis@try.org
926,   ,new york,52,JAMES.THOMAS@SAMPLE.NET
808,Chris Garcia,Los angeles,33,chris.garcia@sample.net
603, John Davis  ,los angeles,22,john.davis@demo.com
784,  Emma Moore ,HOUSTON,,emma.moore@sample.net
610,Maria Thomas  ,chicago,42,maria.thomas@sample.net
850,Linda Taylor ,Los angeles,53,linda.taylor@demo.com
803, Linda Wilson  ,HOUSTON,19,LINDA.WILSON@DEMO.COM
101,  Daniel Martinez  ,los angeles,34,DANIEL.MARTINEZ@TRY.ORG
816, Daniel Anderson  ,Philadelphia,44,daniel.anderson@try.org
596,Linda Brown,LOS ANGELES,19,linda.brown@sample.net
296,Maria Martinez,san diego,58,maria.martinez@sample.net
721,Daniel Martinez,houston,45,DANIEL.MARTINEZ@SAMPLE.NET
911, Daniel Davis,SAN DIEGO,60,daniel.davis@sample.net
718,Maria Brown  ,HOUSTON,18,maria.brown@sample.net
296,Maria Anderson  ,phoenix,53,MARIA.ANDERSON@TRY.ORG
223,  Olivia Brown,phoenix,18,olivia.brown@demo.com
756,Daniel Martinez  ,Phoenix,52,daniel.martinez@sample.net
253,,PHOENIX,62,olivia.moore@demo.com
656,Chris Wilson,phoenix,,chris.wilson@sample.net
14,Emma Wilson  ,Los angeles,,emma.wilson@try.org
435, John Martinez ,phoenix,21,john.martinez@demo.com
888, James Lopez,NEW YORK,22,JAMES.LOPEZ@TRY.ORG
453,  John Anderson ,LOS ANGELES,31,john.anderson@sample.net
356,John Martinez ,new york,65,john.martinez@sample.net
315,Sophia Garcia,new york,24,sophia.garcia@try.org
353,  Maria Brown ,san diego,23,maria.brown@demo.com
366,, ,60,DANIEL.ANDERSON@DEMO.COM
560,Linda Moore ,   ,62,linda.moore@try.org
94,,new york,55,john.martinez@try.org
356,  Chris Lopez,CHICAGO,46,chris.lopez@try.org
511,Chris Garcia  ,san diego,,chris.garcia@try.org
221,Maria Moore ,LOS ANGELES,22,
68, James Martinez  ,chicago,27,
130, James Davis,PHILADELPHIA,63,james.davis@demo.com
133,   ,SAN DIEGO,40,olivia.garcia@try.org
175,Emma Lopez ,chicago,64,emma.lopez@demo.com
60, Alex Brown  ,chicago,,alex.brown@try.org
294, Olivia Lopez ,san antonio,50,OLIVIA.LOPEZ@TRY.ORG
607, Linda Lopez ,philadelphia,32,linda.lopez@demo.com
699, Alex Anderson ,San diego,18,alex.anderson@sample.net
593, Olivia Davis ,san antonio,40,OLIVIA.DAVIS@DEMO.COM
314,  Sophia Lopez  ,phoenix,62,   
745,Daniel Anderson  ,Chicago,29,daniel.anderson@demo.com
43, Maria Thomas,san diego,44,MARIA.THOMAS@TRY.ORG
35,  Olivia Thomas,LOS ANGELES,,olivia.thomas@sample.net
860,Maria Lopez,phoenix,41,maria.lopez@sample.net
227,Maria Garcia ,PHOENIX,64,maria.garcia@try.org
99,Daniel Anderson ,houston,31,daniel.anderson@try.org
483,  Emma Martinez ,new york,50,EMMA.MARTINEZ@TRY.ORG
742,  Olivia Wilson  ,san diego,58,OLIVIA.WILSON@TRY.ORG
908,  Emma Taylor ,Chicago,18,EMMA.TAYLOR@SAMPLE.NET
341,James Brown  ,san diego,61,james.brown@sample.net
606,  John Wilson  ,Phoenix,26,john.wilson@try.org
489,  Maria Anderson ,SAN ANTONIO,42,maria.anderson@try.org
382,John Brown,CHICAGO,60,JOHN.BROWN@DEMO.COM
897,Daniel Wilson  ,Philadelphia,53,daniel.wilson@demo.com
704,  Emma Taylor,  ,30,   
316,Daniel Moore ,LOS ANGELES,30,daniel.moore@demo.com
702,Olivia Moore,new york,39,olivia.moore@try.org
334,Chris Moore ,Phoenix,57,CHRIS.MOORE@DEMO.COM
186,Daniel Taylor  ,houston,28,daniel.taylor@try.org
699,Emma Lopez,PHOENIX,,emma.lopez@sample.net
575,Emma Brown  ,Chicago,50,EMMA.BROWN@TRY.ORG
587,   ,san antonio,50,alex.davis@demo.com
832,  Olivia Thomas ,SAN ANTONIO,41,olivia.thomas@sample.net
699, Emma Martinez ,San diego,37,emma.martinez@demo.com
623,  Linda Garcia,PHILADELPHIA,65,linda.garcia@demo.com
161,  Maria Moore ,san antonio,63,maria.moore@try.org
521,,houston,18,chris.anderson@demo.com
314,  Maria Anderson ,san diego,50,maria.anderson@sample.net
464,  Daniel Brown,HOUSTON,33,daniel.brown@try.org
527, James Moore  ,PHOENIX,20,james.moore@try.org
321,,  ,32,
6,Alex Lopez  , ,45,alex.lopez@demo.com
765,  Chris Anderson  ,san diego,55,
119,  John Wilson  ,CHICAGO,29,
778, Alex Davis, ,61,alex.davis@try.org
144,  Alex Garcia ,PHOENIX,42,alex.garcia@try.org
410,Daniel Lopez,san antonio,53,daniel.lopez@try.org
146,James Taylor  ,San diego,61,james.taylor@sample.net
444,  Olivia Anderson,SAN DIEGO,21,olivia.anderson@try.org
754,Chris Garcia,philadelphia,33,CHRIS.GARCIA@SAMPLE.NET
284,   ,san diego,48,alex.taylor@try.org
934,  Linda Brown ,SAN DIEGO,23,LINDA.BROWN@DEMO.COM
690,  James Thomas,Philadelphia,51,james.thomas@try.org
660,,NEW YORK,42,olivia.davis@sample.net
756,James Anderson ,San antonio,55,JAMES.ANDERSON@DEMO.COM
843,  John Lopez  ,san antonio,55,   
879, Sophia Garcia ,chicago,33,SOPHIA.GARCIA@DEMO.COM
45,,los angeles,19,linda.garcia@demo.com
704,,CHICAGO,31,daniel.garcia@sample.net
369,  Linda Moore  ,chicago,36,linda.moore@demo.com
154,Sophia Lopez , ,25,sophia.lopez@sample.net
625, Chris Garcia ,LOS ANGELES,34,
598, Sophia Wilson,chicago,19,sophia.wilson@sample.net
368, Linda Brown  ,philadelphia,62,LINDA.BROWN@TRY.ORG
947,  Sophia Martinez,phoenix,18,   
426,  Alex Martinez  ,houston,27,alex.martinez@try.org
716,,san diego,24,
294,    ,new york,61,linda.davis@sample.net
343,  Sophia Thomas ,HOUSTON,37,SOPHIA.THOMAS@TRY.ORG
774,Olivia Moore  ,philadelphia,62,   
158,  James Lopez,new york,47,james.lopez@demo.com
464,  James Brown  ,chicago,,james.brown@sample.net
560,Emma Thomas,san diego,55,emma.thomas@demo.com
387, Daniel Martinez,houston,59,daniel.martinez@demo.com
451,  Maria Davis  ,chicago,52,maria.davis@try.org
216,  Linda Wilson,chicago,,   
690,  Sophia Anderson,SAN ANTONIO,61,sophia.anderson@sample.net
197, John Lopez  ,Philadelphia,21,john.lopez@sample.net
30,Maria Anderson  ,houston,31,maria.anderson@try.org
50, James Anderson ,Phoenix,,james.anderson@demo.com
804,, ,34,   
2, John Garcia,Philadelphia,,john.garcia@try.org
824,  Sophia Lopez  ,san antonio,35,sophia.lopez@sample.net
513,  Linda Taylor  ,Phoenix,60,LINDA.TAYLOR@TRY.ORG
277, Chris Garcia ,san antonio,47,chris.garcia@sample.net
572,Alex Taylor  ,Chicago,35,alex.taylor@demo.com
941, John Anderson  ,new york,39,JOHN.ANDERSON@SAMPLE.NET
584,  James Taylor ,SAN DIEGO,52,james.taylor@sample.net
900,  John Brown ,SAN DIEGO,,   
78,James Davis,new york,39,james.davis@sample.net
895,Olivia Anderson,    ,37,olivia.anderson@demo.com
446, Olivia Taylor ,los angeles,38,
217,  Emma Moore  ,los angeles,38,emma.moore@demo.com
520,Emma Thomas  ,chicago,57,EMMA.THOMAS@SAMPLE.NET
509, Chris Wilson,SAN DIEGO,31,   
884,  John Moore  ,CHICAGO,55,JOHN.MOORE@SAMPLE.NET
802,  Linda Wilson ,   ,,linda.wilson@try.org
483, Alex Thomas,  ,32,alex.thomas@try.org
349,Maria Moore ,chicago,62,maria.moore@try.org
841,   ,    ,36,john.garcia@sample.net
326,James Taylor ,san diego,22,james.taylor@demo.com
850,  John Garcia ,Los angeles,22,john.garcia@sample.net
414,Daniel Brown,CHICAGO,53,   
697, Olivia Lopez  ,Houston,61,olivia.lopez@try.org
943, Alex Anderson,PHOENIX,56,alex.anderson@try.org
862,  Olivia Thomas  ,Los angeles,59,olivia.thomas@sample.net
774,Linda Martinez,phoenix,61,linda.martinez@try.org
418,  Emma Garcia ,Chicago,21,emma.garcia@sample.net
629,  Daniel Moore  ,SAN DIEGO,54,DANIEL.MOORE@TRY.ORG
157,  Maria Lopez  ,san diego,35,MARIA.LOPEZ@DEMO.COM
399, Daniel Davis,san antonio,26,DANIEL.DAVIS@DEMO.COM
84,  John Davis  ,los angeles,64,john.davis@sample.net
687, Emma Wilson  ,san diego,,emma.wilson@demo.com
261,  John Wilson,phoenix,57,john.wilson@sample.net
656,,new york,55,maria.anderson@try.org
413, Linda Martinez,san diego,47,linda.martinez@sample.net
66, John Lopez ,new york,65,JOHN.LOPEZ@TRY.ORG
640, Emma Anderson,chicago,,EMMA.ANDERSON@TRY.ORG
269,  Daniel Brown ,philadelphia,61,daniel.brown@sample.net
329,Alex Davis,phoenix,65,ALEX.DAVIS@SAMPLE.NET
801,  Linda Anderson  ,Philadelphia,59,linda.anderson@try.org
226,  Emma Davis,houston,44,EMMA.DAVIS@TRY.ORG
651, Alex Davis  ,los angeles,,alex.davis@sample.net
3, Sophia Anderson ,HOUSTON,26,sophia.anderson@try.org
267, James Brown ,houston,51,JAMES.BROWN@DEMO.COM
671,James Martinez  ,Phoenix,57,james.martinez@sample.net
10, Daniel Davis ,NEW YORK,59,DANIEL.DAVIS@TRY.ORG
705,  Maria Davis  ,SAN ANTONIO,35,maria.davis@try.org
392,Emma Davis  ,NEW YORK,41,emma.davis@sample.net
188,   ,Phoenix,18,
763, ,San diego,63,emma.martinez@sample.net
722, Olivia Moore ,phoenix,21,OLIVIA.MOORE@DEMO.COM
353,Olivia Anderson ,CHICAGO,21,olivia.anderson@demo.com
259, Emma Thomas ,chicago,27,emma.thomas@try.org
164, Alex Lopez ,NEW YORK,55,alex.lopez@sample.net
512,  Linda Wilson,philadelphia,37,linda.wilson@sample.net
9,  Alex Brown  ,los angeles,24,alex.brown@demo.com
655,    ,houston,,maria.anderson@try.org
755,Olivia Thomas,san antonio,24,olivia.thomas@demo.com
175, Emma Moore  ,NEW YORK,30,emma.moore@try.org
811, Daniel Martinez  ,SAN ANTONIO,,daniel.martinez@try.org
918, Daniel Taylor  ,san antonio,51,   
353,  John Davis,NEW YORK,50,JOHN.DAVIS@DEMO.COM
350,  ,    ,62,alex.martinez@sample.net
15,Maria Thomas,phoenix,58,MARIA.THOMAS@TRY.ORG
647,John Taylor,HOUSTON,38,john.taylor@try.org
520,James Martinez ,philadelphia,30,james.martinez@try.org
536, James Brown  ,chicago,62,JAMES.BROWN@SAMPLE.NET
940, Olivia Thomas ,phoenix,54,olivia.thomas@demo.com
260,John Thomas,los angeles,55,JOHN.THOMAS@DEMO.COM
73,  James Wilson  ,san diego,52,james.wilson@demo.com
363,Emma Wilson  ,phoenix,,emma.wilson@sample.net
154, Linda Davis,san antonio,62,linda.davis@try.org
307,  Olivia Taylor ,san diego,36,olivia.taylor@try.org
523,John Moore,San diego,47,JOHN.MOORE@DEMO.COM
430,Sophia Anderson,Los angeles,40,sophia.anderson@sample.net
404, Alex Thomas  ,  ,,alex.thomas@demo.com
786,  Maria Garcia,SAN ANTONIO,49,maria.garcia@demo.com
415,Chris Anderson  ,los angeles,27,chris.anderson@sample.net
661,  Chris Martinez  ,SAN ANTONIO,38,chris.martinez@try.org
845,,houston,25,OLIVIA.ANDERSON@DEMO.COM
904,  John Moore,philadelphia,31,JOHN.MOORE@SAMPLE.NET
31, Emma Taylor  ,New york,61,emma.taylor@sample.net
270,  Emma Anderson ,san diego,,emma.anderson@try.org
219,,san antonio,61,sophia.wilson@try.org
228, Olivia Wilson  ,Los angeles,54,olivia.wilson@try.org
868,,new york,57,sophia.anderson@demo.com
527, Maria Wilson,san antonio,42,maria.wilson@try.org
199,  Daniel Taylor  ,new york,30,DANIEL.TAYLOR@SAMPLE.NET
233,  Linda Brown,phoenix,39,LINDA.BROWN@DEMO.COM
272,Emma Brown  ,New york,,emma.brown@try.org
869, James Anderson  ,CHICAGO,43,james.anderson@sample.net
117,Alex Brown ,LOS ANGELES,60,alex.brown@sample.net
807,Chris Brown ,chicago,37,CHRIS.BROWN@DEMO.COM
501, Chris Davis  ,houston,46,chris.davis@sample.net
258,Chris Thomas,los angeles,62,chris.thomas@demo.com
681,  Olivia Taylor ,houston,36,OLIVIA.TAYLOR@DEMO.COM
392,Emma Taylor  ,PHOENIX,49,EMMA.TAYLOR@TRY.ORG
620,Linda Brown,houston,56,linda.brown@sample.net
788,  Emma Thomas  ,   ,42,   
549,  Maria Wilson,chicago,39,
771,  Chris Davis,phoenix,38,chris.davis@try.org
658,Daniel Moore,houston,,DANIEL.MOORE@SAMPLE.NET
296, Olivia Anderson,houston,29,olivia.anderson@demo.com
809,,phoenix,65,   
559,Daniel Davis  ,Houston,33,daniel.davis@try.org
631,Daniel Martinez  ,philadelphia,43,
940,  Olivia Moore  ,san antonio,31,olivia.moore@try.org
900, Chris Taylor  ,houston,21,   
451, Olivia Taylor  ,Houston,37,olivia.taylor@demo.com
818,Sophia Brown ,new york,24,SOPHIA.BROWN@SAMPLE.NET
51,  Alex Wilson ,chicago,43,alex.wilson@try.org
627,Olivia Thomas ,los angeles,20,olivia.thomas@sample.net
553, Olivia Thomas ,phoenix,26,olivia.thomas@sample.net
472,Daniel Taylor,new york,33,DANIEL.TAYLOR@DEMO.COM
892,Linda Taylor,chicago,48,
535, Alex Taylor,philadelphia,37,alex.taylor@demo.com
825,  Sophia Garcia  ,    ,61,sophia.garcia@sample.net
45,Chris Martinez,SAN ANTONIO,60,chris.martinez@try.org
395,James Brown ,san antonio,20,JAMES.BROWN@DEMO.COM
722,  Maria Moore  ,san diego,46,
139,  Sophia Anderson ,PHOENIX,42,sophia.anderson@sample.net
699, Emma Brown ,philadelphia,23,emma.brown@sample.net
467,John Thomas,new york,,JOHN.THOMAS@SAMPLE.NET
3,  Linda Davis ,los angeles,20,linda.davis@sample.net
889,  James Martinez  , ,26,james.martinez@sample.net
545, Daniel Brown  ,houston,59,daniel.brown@demo.com
226,  Emma Brown  ,phoenix,60,emma.brown@try.org
904, James Wilson,Phoenix,51,james.wilson@sample.net
309,Chris Davis ,Philadelphia,48,CHRIS.DAVIS@TRY.ORG
690,  Sophia Brown ,CHICAGO,56,SOPHIA.BROWN@SAMPLE.NET
594,,san diego,,emma.garcia@try.org
926, John Thomas  ,philadelphia,,JOHN.THOMAS@SAMPLE.NET
680,  John Wilson  ,Phoenix,54,john.wilson@sample.net
187,Alex Martinez ,new york,23,alex.martinez@try.org
862,James Martinez ,los angeles,20,james.martinez@try.org
442,,SAN DIEGO,,MARIA.WILSON@TRY.ORG
746,Emma Moore ,    ,,   
754,  James Davis,    ,58,james.davis@demo.com
336, Olivia Garcia,new york,61,olivia.garcia@demo.com
41,,san diego,62,john.brown@sample.net
468,John Thomas,los angeles,65,john.thomas@demo.com
91,Sophia Brown ,new york,29,sophia.brown@sample.net
828, Olivia Lopez ,chicago,36,   
830,,san antonio,36,JAMES.LOPEZ@TRY.ORG
465,John Taylor ,    ,47,john.taylor@demo.com
519,Emma Taylor,philadelphia,24,emma.taylor@sample.net
250,Linda Wilson ,san antonio,65,linda.wilson@sample.net
234, Chris Wilson  ,phoenix,45,CHRIS.WILSON@TRY.ORG
532,    ,SAN ANTONIO,56,
443,Alex Thomas ,new york,25,alex.thomas@try.org
530,  Olivia Moore,san antonio,56,olivia.moore@demo.com
644,  Chris Garcia ,  ,56,
382, ,Phoenix,18,sophia.thomas@demo.com
709,Chris Wilson,san antonio,,chris.wilson@sample.net
567, Daniel Wilson  ,san diego,19,daniel.wilson@demo.com
22, Maria Brown,san diego,44,
647,Sophia Taylor ,philadelphia,61,sophia.taylor@try.org
501, Olivia Martinez ,san antonio,39,olivia.martinez@sample.net
421,  John Garcia  ,philadelphia,64,john.garcia@demo.com
744,,PHOENIX,42,john.taylor@demo.com
320, Olivia Moore  ,New york,63,olivia.moore@demo.com
104, James Thomas  ,PHOENIX,33,JAMES.THOMAS@DEMO.COM
794,  James Martinez  ,san antonio,57,james.martinez@try.org
689, John Moore,   ,53,john.moore@try.org
894,Emma Wilson ,Chicago,44,emma.wilson@sample.net
53,James Anderson  ,NEW YORK,35,james.anderson@demo.com
768, Alex Davis  ,chicago,,ALEX.DAVIS@SAMPLE.NET
366,,Philadelphia,24,sophia.davis@try.org
563,Sophia Martinez  ,CHICAGO,29,
459, Sophia Brown  ,chicago,41,sophia.brown@try.org
282,Chris Brown,Los angeles,26,chris.brown@sample.net
14,Daniel Moore  ,PHOENIX,45,DANIEL.MOORE@TRY.ORG
46, Sophia Wilson  ,SAN DIEGO,55,sophia.wilson@demo.com
242,  Sophia Taylor,SAN ANTONIO,,sophia.taylor@try.org
756,  Emma Martinez  ,los angeles,54,EMMA.MARTINEZ@SAMPLE.NET
353,James Brown  ,PHOENIX,41,JAMES.BROWN@DEMO.COM
373, Olivia Lopez  , ,25,olivia.lopez@sample.net
856,John Taylor  ,philadelphia,49,john.taylor@demo.com
941,James Anderson  ,San diego,24,james.anderson@demo.com
895,  Daniel Garcia,los angeles,29,   
707,Maria Davis ,houston,48,maria.davis@demo.com
813,  Sophia Moore ,san antonio,49,SOPHIA.MOORE@TRY.ORG
43,  Chris Taylor,phoenix,39,chris.taylor@try.org
133,Linda Martinez  ,san antonio,43,   
909,  James Thomas ,    ,35,james.thomas@sample.net
213,Alex Moore,  ,38,alex.moore@demo.com
710, Olivia Brown  ,chicago,20,olivia.brown@sample.net
254, James Brown,san diego,22,JAMES.BROWN@DEMO.COM
424,Olivia Lopez ,PHILADELPHIA,40,OLIVIA.LOPEZ@SAMPLE.NET
112,Alex Davis  ,   ,18,alex.davis@try.org
315, Alex Davis,philadelphia,33,alex.davis@sample.net
25,Sophia Garcia,Chicago,41,sophia.garcia@demo.com
518,  Sophia Lopez ,NEW YORK,63,sophia.lopez@sample.net
135,Linda Thomas  ,  ,,linda.thomas@sample.net
868,Maria Brown  ,   ,20,MARIA.BROWN@DEMO.COM
297,Emma Lopez,chicago,50,EMMA.LOPEZ@DEMO.COM
39, Emma Garcia  ,PHILADELPHIA,57,EMMA.GARCIA@DEMO.COM
712,  Linda Taylor ,Philadelphia,,LINDA.TAYLOR@SAMPLE.NET
252,,new york,,daniel.taylor@sample.net
779,  James Lopez  ,Houston,44,james.lopez@demo.com
228,,SAN DIEGO,41,maria.taylor@demo.com
438,  Linda Anderson  ,philadelphia,23,
143,  Daniel Davis  ,new york,33,daniel.davis@try.org
385, James Moore,philadelphia,,james.moore@sample.net
150,,phoenix,35,
170,  Chris Lopez  ,Phoenix,45,chris.lopez@try.org
626,  Chris Lopez  ,SAN DIEGO,45,CHRIS.LOPEZ@DEMO.COM
194, John Brown  ,san antonio,42,john.brown@try.org
169, Chris Brown ,san diego,,
401,Alex Taylor ,CHICAGO,49,alex.taylor@demo.com
947, Alex Brown,houston,32,alex.brown@try.org
276, Chris Martinez ,PHILADELPHIA,54,chris.martinez@sample.net
537,Chris Davis  ,new york,,chris.davis@try.org
399, James Brown,Philadelphia,49,JAMES.BROWN@DEMO.COM
533,  Linda Taylor,san antonio,65,linda.taylor@sample.net
827,,new york,21,
803,Olivia Davis ,san diego,41,olivia.davis@try.org
890, Alex Garcia,San diego,63,alex.garcia@sample.net
872,Daniel Davis ,philadelphia,,daniel.davis@demo.com
512,,Phoenix,28,daniel.wilson@try.org
421,  Maria Lopez  ,New york,,maria.lopez@demo.com
616,  Emma Martinez ,Phoenix,57,emma.martinez@try.org
508,  Alex Wilson  ,san antonio,,
632,Chris Moore,san antonio,28,chris.moore@sample.net
525,  James Thomas ,san diego,32,james.thomas@demo.com
863,  Emma Martinez  ,San diego,51,
718,  Sophia Davis  ,los angeles,44,sophia.davis@demo.com
262, Linda Davis  ,NEW YORK,40,linda.davis@demo.com
600,  Maria Wilson ,los angeles,62,maria.wilson@demo.com
414, Linda Moore,philadelphia,38,LINDA.MOORE@SAMPLE.NET
592, Alex Lopez ,new york,,ALEX.LOPEZ@SAMPLE.NET
280,,Los angeles,29,
126,James Wilson,LOS ANGELES,35,james.wilson@sample.net
907,Emma Wilson ,   ,46,EMMA.WILSON@TRY.ORG
659,Linda Garcia,New york,,linda.garcia@sample.net
90,Maria Lopez,PHOENIX,47,maria.lopez@sample.net
825,  Daniel Brown,CHICAGO,38,daniel.brown@sample.net
296,  Alex Lopez,HOUSTON,33,
809, Olivia Brown ,chicago,53,
353, Linda Lopez ,NEW YORK,61,linda.lopez@demo.com
345,  ,new york,21,john.moore@try.org
98,  Daniel Davis  ,phoenix,47,daniel.davis@demo.com
909,  John Moore,PHOENIX,40,   
245, James Martinez,PHILADELPHIA,34,james.martinez@sample.net
311,  Alex Taylor  ,Chicago,,alex.taylor@sample.net
324,  Chris Taylor ,PHOENIX,38,chris.taylor@demo.com
406,  Olivia Thomas ,san antonio,18,olivia.thomas@demo.com
627, Olivia Davis ,chicago,20,olivia.davis@demo.com
547, Emma Thomas  ,San diego,37,EMMA.THOMAS@TRY.ORG
587,John Garcia,San diego,31,
577,  Olivia Lopez ,new york,53,olivia.lopez@sample.net
825,  Emma Martinez,san antonio,42,emma.martinez@demo.com
549,  James Lopez,new york,36,james.lopez@try.org
320,Alex Martinez ,san diego,51,alex.martinez@try.org
622, Linda Martinez  ,philadelphia,49,LINDA.MARTINEZ@TRY.ORG
795,John Taylor  ,san diego,,john.taylor@try.org
593,John Thomas ,NEW YORK,58,john.thomas@demo.com
630, ,chicago,18,sophia.anderson@try.org
237,Maria Garcia,new york,40,maria.garcia@sample.net
259, James Wilson ,    ,45,james.wilson@try.org
379,   ,Philadelphia,,ALEX.THOMAS@TRY.ORG
600, Chris Taylor ,philadelphia,63,CHRIS.TAYLOR@SAMPLE.NET
936,  Alex Lopez,san diego,35,alex.lopez@try.org
30, Alex Wilson  ,  ,49,ALEX.WILSON@TRY.ORG
563,    ,los angeles,41,   
175,John Garcia,new york,39,   
353,  James Moore,Philadelphia,47,james.moore@try.org
54,  Chris Martinez ,Chicago,61,CHRIS.MARTINEZ@DEMO.COM
948, Olivia Lopez ,    ,42,OLIVIA.LOPEZ@TRY.ORG
326,  Alex Wilson ,san antonio,33,alex.wilson@sample.net
500, Emma Garcia, ,32,   
583, Olivia Anderson  ,PHOENIX,39,OLIVIA.ANDERSON@DEMO.COM
671, Maria Thomas  ,NEW YORK,36,maria.thomas@demo.com
278, John Garcia,Philadelphia,18,john.garcia@sample.net
486,Chris Taylor ,chicago,36,CHRIS.TAYLOR@DEMO.COM
719,,San antonio,28,maria.thomas@try.org
914,Emma Anderson ,CHICAGO,36,emma.anderson@sample.net
6,   ,HOUSTON,,chris.brown@try.org
650,  John Lopez  ,SAN ANTONIO,52,john.lopez@demo.com
206,Olivia Thomas,chicago,26,OLIVIA.THOMAS@TRY.ORG
363,Chris Taylor,PHILADELPHIA,25,CHRIS.TAYLOR@SAMPLE.NET
43,  Linda Moore,san antonio,32,LINDA.MOORE@SAMPLE.NET
335,John Taylor  ,san antonio,60,john.taylor@demo.com
459,Daniel Wilson,PHILADELPHIA,20,daniel.wilson@try.org
813, John Anderson,san antonio,18,john.anderson@demo.com
93,  Olivia Wilson ,phoenix,19,olivia.wilson@demo.com
594,  John Garcia ,Los angeles,62,
256, Linda Taylor  ,PHOENIX,,linda.taylor@demo.com
473,Linda Lopez  ,philadelphia,29,linda.lopez@demo.com
238, Maria Garcia  ,los angeles,,maria.garcia@try.org
290, ,los angeles,27,   
901,Olivia Davis ,LOS ANGELES,53,olivia.davis@try.org
916, Emma Lopez ,los angeles,27,EMMA.LOPEZ@TRY.ORG
595, Olivia Lopez ,houston,25,olivia.lopez@try.org
145,  Emma Garcia ,CHICAGO,,emma.garcia@sample.net
281,,SAN DIEGO,63,emma.anderson@demo.com
617, Olivia Brown  ,chicago,,OLIVIA.BROWN@SAMPLE.NET
903,   ,San antonio,36,sophia.lopez@demo.com
441,  Alex Wilson  ,houston,23,alex.wilson@sample.net
215, Linda Anderson,new york,,LINDA.ANDERSON@DEMO.COM
756, Sophia Martinez ,new york,41,sophia.martinez@try.org
150, Linda Wilson  ,phoenix,42,linda.wilson@try.org
454, Daniel Martinez,HOUSTON,49,daniel.martinez@sample.net
16, Emma Davis  ,    ,56,emma.davis@demo.com
242,  Chris Taylor,HOUSTON,26,CHRIS.TAYLOR@SAMPLE.NET
898,Maria Brown,Chicago,43,maria.brown@try.org
115,Olivia Wilson,CHICAGO,45,
439,Alex Brown,chicago,48,alex.brown@try.org
128,   ,SAN DIEGO,,
202,  ,NEW YORK,41,chris.davis@sample.net
782,Alex Taylor  ,Houston,,alex.taylor@try.org
776,  John Davis,san diego,25,JOHN.DAVIS@DEMO.COM
607,Daniel Moore ,Houston,32,daniel.moore@demo.com
593,Olivia Lopez  ,san diego,,olivia.lopez@demo.com
268,  John Taylor ,chicago,27,
267, Chris Brown  ,LOS ANGELES,30,chris.brown@try.org
259,John Anderson,Phoenix,62,john.anderson@sample.net
204,  Maria Lopez ,los angeles,40,maria.lopez@sample.net
356,  Emma Wilson,houston,62,
684,Daniel Davis ,SAN DIEGO,32,DANIEL.DAVIS@TRY.ORG
417,Daniel Wilson ,New york,55,DANIEL.WILSON@SAMPLE.NET
529,Olivia Thomas,chicago,63,olivia.thomas@try.org
551,  Daniel Lopez ,san antonio,,daniel.lopez@try.org
143, Olivia Brown  ,los angeles,20,olivia.brown@try.org
902, Sophia Davis  , ,42,sophia.davis@demo.com
206, Daniel Moore,Philadelphia,32,
908,,San antonio,27,chris.taylor@demo.com
260, Maria Anderson,Phoenix,28,maria.anderson@sample.net
148,Maria Davis  ,CHICAGO,,maria.davis@sample.net
160,Emma Lopez,new york,44,EMMA.LOPEZ@TRY.ORG
88,Alex Anderson  ,philadelphia,31,alex.anderson@try.org
142,  Maria Martinez  ,NEW YORK,23,MARIA.MARTINEZ@DEMO.COM
224, ,Los angeles,38,SOPHIA.MARTINEZ@SAMPLE.NET
554, Daniel Davis ,chicago,61,daniel.davis@sample.net
480,James Wilson ,chicago,62,james.wilson@demo.com
710,James Garcia,philadelphia,42,james.garcia@try.org
576, Olivia Davis,phoenix,41,   
946,  Daniel Anderson ,san diego,24,daniel.anderson@try.org
776,Sophia Brown  ,chicago,53,SOPHIA.BROWN@TRY.ORG
268,Daniel Taylor ,los angeles,37,daniel.taylor@try.org
97, Alex Martinez,los angeles,43,alex.martinez@demo.com
555, Olivia Brown  ,san diego,25,   
261,Chris Brown,san diego,42,chris.brown@demo.com
553,Linda Garcia  ,SAN ANTONIO,29,linda.garcia@try.org
918, Sophia Davis ,Los angeles,60,sophia.davis@demo.com
481,  Emma Thomas  ,   ,41,emma.thomas@sample.net
538,Daniel Taylor  ,san diego,53,DANIEL.TAYLOR@TRY.ORG
560,  ,san diego,27,LINDA.TAYLOR@TRY.ORG
767,Emma Martinez,CHICAGO,40,emma.martinez@try.org
31,   ,LOS ANGELES,60,EMMA.MARTINEZ@SAMPLE.NET
229, Alex Taylor ,phoenix,59,alex.taylor@demo.com
633,Olivia Wilson,phoenix,33,olivia.wilson@try.org
782, Sophia Martinez  ,New york,56,sophia.martinez@try.org
332,Olivia Moore ,HOUSTON,38,olivia.moore@try.org
380,Sophia Anderson,philadelphia,40,sophia.anderson@try.org
484,James Anderson  , ,26,james.anderson@demo.com
697, John Brown,LOS ANGELES,18,john.brown@sample.net
517,Alex Moore,san diego,56,   
394,Chris Davis  ,san diego,22,chris.davis@demo.com
686,,san diego,41,   
608, Daniel Brown  ,san antonio,35,daniel.brown@demo.com
443, Chris Brown,PHOENIX,61,chris.brown@sample.net
898,Emma Wilson ,new york,47,emma.wilson@demo.com
365, Chris Davis,Houston,40,CHRIS.DAVIS@DEMO.COM
197,Olivia Wilson,los angeles,55,olivia.wilson@try.org
117, Sophia Thomas,philadelphia,35,sophia.thomas@demo.com
104,    ,CHICAGO,38,john.moore@sample.net
55,  Linda Brown ,Los angeles,63,linda.brown@sample.net
437,   ,los angeles,25,maria.garcia@demo.com
93,  Chris Martinez,NEW YORK,,chris.martinez@try.org
306, James Thomas ,HOUSTON,34,james.thomas@try.org
68,  Sophia Anderson ,phoenix,24,SOPHIA.ANDERSON@DEMO.COM
185,  Maria Wilson,    ,53,maria.wilson@demo.com
720,Olivia Wilson,SAN DIEGO,63,olivia.wilson@try.org
342,Olivia Wilson,philadelphia,51,olivia.wilson@demo.com
403, John Taylor  ,san antonio,34,JOHN.TAYLOR@DEMO.COM
229,Maria Anderson,SAN ANTONIO,61,maria.anderson@sample.net
649, Chris Moore  ,philadelphia,,chris.moore@demo.com
351,  John Wilson ,philadelphia,40,john.wilson@sample.net
666, John Thomas,PHILADELPHIA,48,john.thomas@try.org
146,  James Lopez ,New york,26,james.lopez@sample.net
332,James Lopez  ,houston,63,james.lopez@demo.com
861,  Maria Thomas  ,San antonio,,MARIA.THOMAS@TRY.ORG
603, James Lopez  ,phoenix,60,james.lopez@sample.net
713,Chris Taylor,PHOENIX,40,chris.taylor@sample.net
487,Olivia Thomas  ,houston,38,olivia.thomas@demo.com
467,  Chris Davis,HOUSTON,33,chris.davis@demo.com
899,  Emma Anderson,san diego,29,emma.anderson@sample.net
152, Sophia Davis  , ,28,sophia.davis@demo.com
514, James Wilson  ,San antonio,44,james.wilson@demo.com
488, ,philadelphia,64,daniel.garcia@sample.net
332,Emma Martinez,san diego,65,   
384,Chris Thomas,san diego,18,chris.thomas@sample.net
672,  Emma Moore ,HOUSTON,20,emma.moore@sample.net
418,Chris Taylor,PHILADELPHIA,32,CHRIS.TAYLOR@TRY.ORG
118,Linda Moore  ,San diego,,LINDA.MOORE@TRY.ORG
329,   ,new york,,alex.moore@try.org
856,Alex Garcia  ,Chicago,32,   
798, Linda Thomas ,philadelphia,61,LINDA.THOMAS@SAMPLE.NET
12, Chris Garcia,San diego,59,CHRIS.GARCIA@TRY.ORG
481,Emma Taylor  ,philadelphia,32,emma.taylor@demo.com
624,Linda Garcia  ,new york,18,linda.garcia@try.org
57,Alex Davis  ,Chicago,,alex.davis@try.org
249,Sophia Anderson  ,SAN DIEGO,18,sophia.anderson@sample.net
20, James Davis,san diego,58,JAMES.DAVIS@TRY.ORG
447,Chris Martinez ,LOS ANGELES,37,chris.martinez@sample.net
224, Daniel Anderson  ,new york,20,
273,  Emma Brown,San antonio,,EMMA.BROWN@DEMO.COM
530,  Emma Lopez,PHOENIX,22,emma.lopez@try.org
402,  Alex Martinez ,houston,64,
498, Chris Wilson  ,san antonio,61,   
934,Olivia Garcia ,los angeles,34,olivia.garcia@try.org
30,,san antonio,18,john.brown@demo.com
667,  Sophia Garcia,NEW YORK,41,sophia.garcia@sample.net
716,  James Moore,HOUSTON,59,JAMES.MOORE@TRY.ORG
673, Chris Lopez  ,new york,19,chris.lopez@try.org
479, Linda Lopez,san antonio,32,LINDA.LOPEZ@TRY.ORG
581,Maria Thomas  ,phoenix,33,MARIA.THOMAS@TRY.ORG
818,  Alex Anderson,San diego,38,alex.anderson@sample.net
523,  John Thomas,san antonio,38,JOHN.THOMAS@SAMPLE.NET
601,  Maria Davis  ,phoenix,49,maria.davis@demo.com
51,  Emma Lopez  ,los angeles,26,emma.lopez@try.org
877, John Martinez ,New york,59,john.martinez@try.org
93,Maria Anderson  ,CHICAGO,,maria.anderson@demo.com
353,  Maria Wilson,LOS ANGELES,27,maria.wilson@demo.com
226, Linda Brown,SAN DIEGO,31,LINDA.BROWN@TRY.ORG
355, Daniel Brown  ,san diego,57,daniel.brown@try.org
489, Olivia Brown ,PHILADELPHIA,44,olivia.brown@try.org
858,,New york,24,sophia.martinez@sample.net
278,    ,PHILADELPHIA,51,   
565,  Chris Brown ,PHOENIX,62,chris.brown@sample.net
738,Sophia Brown ,san antonio,49,sophia.brown@sample.net
917, James Davis ,chicago,,JAMES.DAVIS@DEMO.COM
650,  Linda Davis,san antonio,31,   
696, James Thomas  ,phoenix,63,james.thomas@try.org
550,Alex Lopez  ,PHOENIX,26,alex.lopez@sample.net
14,  Emma Garcia ,CHICAGO,48,   
379,  Daniel Taylor,phoenix,18,daniel.taylor@sample.net
891,Daniel Thomas  ,HOUSTON,64,daniel.thomas@demo.com
41,Sophia Wilson  ,philadelphia,36,SOPHIA.WILSON@SAMPLE.NET
837,  Alex Lopez  ,san diego,64,alex.lopez@demo.com
622,  Alex Anderson ,Phoenix,60,alex.anderson@sample.net
746,,new york,28,emma.davis@demo.com
626,Maria Davis ,Philadelphia,61,maria.davis@try.org
580,  Olivia Wilson  ,San antonio,56,OLIVIA.WILSON@TRY.ORG
150, Daniel Thomas  ,los angeles,18,daniel.thomas@try.org
152, John Lopez ,Los angeles,26,
163,  Olivia Lopez  ,PHILADELPHIA,44,olivia.lopez@try.org
597, James Thomas  ,los angeles,40,james.thomas@try.org
399,  Daniel Garcia,chicago,56,DANIEL.GARCIA@DEMO.COM
884, Alex Moore,LOS ANGELES,44,alex.moore@demo.com
161,  Sophia Brown,HOUSTON,23,SOPHIA.BROWN@DEMO.COM
695, Sophia Wilson ,NEW YORK,28,sophia.wilson@demo.com
811, Emma Thomas  ,LOS ANGELES,33,emma.thomas@sample.net
53, Daniel Thomas  ,SAN ANTONIO,62,daniel.thomas@sample.net
842,  Emma Garcia,philadelphia,25,emma.garcia@try.org
207,  John Martinez  ,houston,35,john.martinez@demo.com
75,John Lopez,chicago,,john.lopez@sample.net
619,  John Lopez ,phoenix,43,john.lopez@demo.com
69,John Thomas  ,CHICAGO,20,john.thomas@try.org
19,  Sophia Anderson,Houston,20,sophia.anderson@try.org
78, John Wilson,phoenix,63,JOHN.WILSON@DEMO.COM
733,  Maria Lopez ,NEW YORK,55,
7,Linda Davis  ,PHOENIX,,linda.davis@sample.net
217, Daniel Taylor ,houston,27,daniel.taylor@sample.net
857,James Lopez,los angeles,49,JAMES.LOPEZ@DEMO.COM
354,  Daniel Davis,New york,63,daniel.davis@try.org
459,James Taylor ,HOUSTON,37,james.taylor@demo.com
727,,houston,55,chris.anderson@try.org
768, Linda Thomas  ,CHICAGO,22,linda.thomas@try.org
7,John Thomas  ,chicago,22,john.thomas@try.org
734,Linda Anderson,Phoenix,29,linda.anderson@demo.com
407,Emma Martinez ,los angeles,28,   
576, Linda Martinez ,san antonio,40,   
496,,PHILADELPHIA,50,emma.moore@try.org
636, James Garcia ,los angeles,51,james.garcia@demo.com
826, Alex Taylor ,LOS ANGELES,37,ALEX.TAYLOR@DEMO.COM
160,,philadelphia,42,chris.wilson@demo.com
399,  John Brown ,San antonio,18,   
881,Emma Wilson,HOUSTON,36,emma.wilson@try.org
176,John Thomas,phoenix,51,john.thomas@try.org
665,Chris Martinez ,houston,30,CHRIS.MARTINEZ@TRY.ORG
120,  Emma Wilson  ,san diego,61,emma.wilson@try.org
54, James Martinez ,SAN DIEGO,,JAMES.MARTINEZ@DEMO.COM
278,Olivia Lopez  ,SAN ANTONIO,44,olivia.lopez@sample.net
503,Daniel Lopez,New york,31,
504,  Sophia Moore ,New york,23,
735, Maria Lopez  ,san diego,18,maria.lopez@sample.net
341,,san antonio,50,chris.davis@demo.com
489,  Maria Davis ,philadelphia,,maria.davis@sample.net
169,   ,san diego,54,daniel.taylor@demo.com
905,,new york,34,daniel.martinez@sample.net
677,  Linda Thomas  ,san antonio,59,linda.thomas@sample.net
178,  Olivia Brown ,san antonio,22,olivia.brown@try.org
381,  Emma Martinez ,phoenix,51,EMMA.MARTINEZ@TRY.ORG
219,Daniel Brown ,houston,23,daniel.brown@sample.net
188,John Davis  ,SAN ANTONIO,35,john.davis@demo.com
562,Linda Thomas  ,chicago,61,linda.thomas@sample.net
527,  Emma Brown  ,chicago,48,EMMA.BROWN@DEMO.COM
552,Linda Garcia ,philadelphia,46,linda.garcia@demo.com
356,,phoenix,62,
718,  Sophia Wilson,San antonio,41,sophia.wilson@try.org
396,  Sophia Martinez,chicago,61,sophia.martinez@demo.com
133,  Linda Wilson,Los angeles,28,   
750,  Chris Garcia,chicago,53,chris.garcia@try.org
649, Daniel Davis,philadelphia,,DANIEL.DAVIS@SAMPLE.NET
459,Chris Martinez,philadelphia,19,chris.martinez@sample.net
312, Emma Lopez,philadelphia,35,emma.lopez@sample.net
67,John Anderson ,San diego,43,john.anderson@try.org
684, Alex Anderson  ,los angeles,34,ALEX.ANDERSON@SAMPLE.NET
657,,phoenix,26,   
940,  Emma Davis  ,PHOENIX,37,emma.davis@try.org
779,  Linda Martinez ,philadelphia,56,linda.martinez@sample.net
96,  Olivia Martinez,houston,29,olivia.martinez@try.org
402,  Olivia Martinez ,Phoenix,65,olivia.martinez@sample.net
573,  Maria Davis,los angeles,51,
316,James Taylor  ,philadelphia,20,james.taylor@sample.net
558,Emma Davis ,new york,59,   
200,Olivia Wilson ,PHILADELPHIA,58,olivia.wilson@sample.net
215,  Daniel Davis  ,los angeles,60,daniel.davis@demo.com
828, ,san antonio,61,emma.garcia@sample.net
185,    ,houston,58,john.moore@sample.net
548, Chris Lopez  ,LOS ANGELES,18,CHRIS.LOPEZ@SAMPLE.NET
433, James Brown  ,new york,59,james.brown@sample.net
123,  John Wilson ,los angeles,59,john.wilson@sample.net
795, Sophia Wilson,los angeles,42,sophia.wilson@try.org
922,Maria Wilson,los angeles,18,MARIA.WILSON@DEMO.COM
226,Chris Anderson  ,PHOENIX,20,chris.anderson@try.org
732, Daniel Lopez,PHOENIX,40,   
344,Maria Anderson  ,San diego,28,maria.anderson@demo.com
589, James Anderson  ,houston,42,james.anderson@demo.com
381,  John Martinez,New york,39,john.martinez@try.org
880, Emma Brown,san antonio,54,EMMA.BROWN@SAMPLE.NET
204, Sophia Garcia ,San diego,24,sophia.garcia@try.org
606, Maria Martinez  ,NEW YORK,34,maria.martinez@demo.com
535, Olivia Wilson ,los angeles,35,OLIVIA.WILSON@DEMO.COM
8,Alex Moore,san antonio,56,ALEX.MOORE@TRY.ORG
721,    ,CHICAGO,56,olivia.wilson@sample.net
379, Linda Thomas ,chicago,48,   
684, Chris Thomas  ,chicago,46,
466,  Olivia Martinez,san diego,35,olivia.martinez@try.org
214,,philadelphia,49,linda.anderson@demo.com
22,  John Thomas  ,LOS ANGELES,38,JOHN.THOMAS@DEMO.COM
616, Linda Brown  ,houston,55,linda.brown@sample.net
274,  Emma Brown  ,houston,36,emma.brown@sample.net
738,Chris Davis  ,san diego,60,CHRIS.DAVIS@SAMPLE.NET
565,  John Garcia  ,los angeles,32,JOHN.GARCIA@TRY.ORG
809, ,new york,56,daniel.garcia@demo.com
367,,philadelphia,47,john.lopez@sample.net
583, Chris Lopez,CHICAGO,41,chris.lopez@sample.net
324, James Wilson,Houston,19,james.wilson@sample.net
643,  Maria Taylor  ,los angeles,62,maria.taylor@try.org
861, John Anderson  ,san diego,24,JOHN.ANDERSON@TRY.ORG
106,  Olivia Anderson  ,CHICAGO,51,olivia.anderson@demo.com
426,Emma Moore  ,San antonio,27,emma.moore@demo.com
730, Olivia Garcia  ,san diego,64,   
814,  Olivia Taylor,san diego,53,olivia.taylor@demo.com
324,  Daniel Davis,phoenix,56,daniel.davis@demo.com
790,  Sophia Anderson ,phoenix,,sophia.anderson@sample.net
561,  John Lopez,san diego,47,john.lopez@try.org
743,James Davis,san diego,19,JAMES.DAVIS@DEMO.COM
60,John Anderson ,San diego,,john.anderson@sample.net
584, Daniel Brown,phoenix,47,daniel.brown@sample.net
509,  Sophia Thomas,San diego,18,SOPHIA.THOMAS@TRY.ORG
677, Linda Thomas  ,houston,20,linda.thomas@sample.net
91, John Wilson,new york,24,john.wilson@demo.com
85,Emma Davis,philadelphia,28,
155,Alex Martinez  ,los angeles,49,alex.martinez@sample.net
158,Alex Lopez  ,Los angeles,63,alex.lopez@sample.net
486,Linda Martinez  ,  ,,linda.martinez@sample.net
265, Chris Wilson ,   ,52,chris.wilson@demo.com
219,Alex Davis,SAN ANTONIO,49,
390,  Olivia Anderson,NEW YORK,64,olivia.anderson@demo.com
321,,chicago,62,john.taylor@try.org
644,Olivia Wilson,phoenix,52,olivia.wilson@try.org
78, Alex Lopez ,new york,,alex.lopez@sample.net
477,  Linda Davis ,chicago,27,linda.davis@sample.net
160, Maria Moore  ,SAN DIEGO,53,maria.moore@demo.com
575, John Martinez  ,los angeles,57,john.martinez@try.org
379,,phoenix,25,alex.wilson@try.org
271,    ,chicago,59,emma.wilson@sample.net
584, John Martinez ,phoenix,38,john.martinez@demo.com
228, Daniel Martinez  ,phoenix,62,DANIEL.MARTINEZ@SAMPLE.NET
590,Olivia Anderson,los angeles,30,olivia.anderson@try.org
568,Linda Garcia,houston,61,
149,Chris Moore ,san diego,64,chris.moore@try.org
658,James Anderson  ,philadelphia,35,james.anderson@sample.net
696,Alex Brown,chicago,24,ALEX.BROWN@TRY.ORG
168, Sophia Martinez ,philadelphia,53,sophia.martinez@demo.com
148,  Alex Thomas  ,houston,40,alex.thomas@sample.net
886,Sophia Wilson,SAN DIEGO,32,
812,John Brown ,San antonio,18,JOHN.BROWN@DEMO.COM
563,  Daniel Martinez  ,NEW YORK,37,daniel.martinez@sample.net
389,  Alex Anderson ,HOUSTON,26,alex.anderson@sample.net
638,Olivia Anderson  ,PHOENIX,42,olivia.anderson@sample.net
267,Alex Davis,new york,41,alex.davis@try.org
184, Maria Taylor,SAN DIEGO,56,   
463, Olivia Martinez ,PHILADELPHIA,63,OLIVIA.MARTINEZ@TRY.ORG
337, Alex Davis,los angeles,21,alex.davis@sample.net
273,  Sophia Brown  ,CHICAGO,25,sophia.brown@sample.net
844, Daniel Wilson  ,los angeles,62,daniel.wilson@try.org
233,James Taylor ,houston,64,james.taylor@sample.net
164, John Anderson ,PHOENIX,28,JOHN.ANDERSON@SAMPLE.NET
675,  Maria Davis,SAN DIEGO,33,   
249, Emma Wilson ,CHICAGO,43,emma.wilson@demo.com
34,,San diego,63,JAMES.MOORE@SAMPLE.NET
424, James Davis,SAN ANTONIO,18,james.davis@sample.net
577,    ,PHILADELPHIA,19,sophia.davis@try.org
498,,philadelphia,49,emma.lopez@demo.com
516,Emma Wilson  ,Phoenix,,emma.wilson@try.org
463, Linda Lopez ,san antonio,42,LINDA.LOPEZ@TRY.ORG
935,  Maria Garcia,philadelphia,32,maria.garcia@sample.net
781,Chris Thomas  ,HOUSTON,20,   
304,  Linda Martinez,san antonio,65,linda.martinez@demo.com
383, Maria Davis,los angeles,40,MARIA.DAVIS@SAMPLE.NET
875,  Daniel Taylor,LOS ANGELES,50,daniel.taylor@sample.net
633,  Daniel Garcia,phoenix,33,daniel.garcia@try.org
92,  Emma Brown  ,los angeles,27,emma.brown@demo.com
587,  ,San antonio,65,emma.taylor@demo.com
783,Linda Wilson,houston,,linda.wilson@sample.net
80,  James Wilson ,philadelphia,22,james.wilson@sample.net
278,  Daniel Lopez  ,HOUSTON,25,daniel.lopez@try.org
826,  Chris Davis,  ,23,   
567,Sophia Taylor,CHICAGO,58,sophia.taylor@demo.com
332, Maria Davis,phoenix,19,   
916,  Maria Thomas ,chicago,33,maria.thomas@try.org
526,  ,philadelphia,42,
488,  Emma Brown ,Houston,49,EMMA.BROWN@DEMO.COM
625,Linda Davis  ,phoenix,32,linda.davis@sample.net
212,Sophia Garcia  ,PHILADELPHIA,21,sophia.garcia@demo.com
583,Olivia Davis,chicago,48,olivia.davis@try.org
316, Linda Brown ,chicago,,linda.brown@sample.net
891,  Maria Thomas,   ,49,   
400, ,san antonio,,daniel.garcia@demo.com
512,  Sophia Taylor ,philadelphia,45,SOPHIA.TAYLOR@DEMO.COM
276, John Davis ,Chicago,39,john.davis@try.org
688, John Martinez  ,Houston,26,john.martinez@sample.net
682,,Los angeles,45,OLIVIA.DAVIS@DEMO.COM
669,  Daniel Taylor ,SAN ANTONIO,62,DANIEL.TAYLOR@TRY.ORG
688,  Linda Martinez,san diego,39,linda.martinez@demo.com
625,Emma Garcia ,new york,18,emma.garcia@demo.com
590,  Olivia Moore,phoenix,52,olivia.moore@try.org
192,  Emma Lopez ,Phoenix,23,emma.lopez@sample.net
830,,SAN ANTONIO,46,emma.garcia@try.org
556,  Sophia Davis ,san diego,23,SOPHIA.DAVIS@DEMO.COM
709, Alex Thomas,PHILADELPHIA,21,alex.thomas@try.org
25, Chris Wilson,Chicago,48,chris.wilson@sample.net
831,John Thomas ,houston,28,JOHN.THOMAS@SAMPLE.NET
661,Chris Brown  ,CHICAGO,63,chris.brown@try.org
564,  James Garcia ,philadelphia,30,james.garcia@demo.com
222, Alex Moore ,San antonio,25,   
138,Alex Davis,san antonio,40,ALEX.DAVIS@DEMO.COM
490,  John Martinez  ,SAN DIEGO,63,john.martinez@demo.com
490,James Anderson ,new york,39,james.anderson@sample.net
818, Olivia Anderson  ,san antonio,55,olivia.anderson@try.org
250,  James Garcia ,philadelphia,23,james.garcia@demo.com
437, Daniel Anderson,PHOENIX,20,daniel.anderson@try.org
64,Chris Martinez  ,HOUSTON,65,chris.martinez@sample.net
336, Emma Garcia ,PHILADELPHIA,39,emma.garcia@demo.com
148,Sophia Moore,houston,58,sophia.moore@demo.com
678, John Thomas ,san antonio,,john.thomas@sample.net
460, Linda Brown,san antonio,,   
592,,San diego,,emma.anderson@try.org
275,Daniel Brown  ,los angeles,28,daniel.brown@sample.net
645,Emma Wilson,CHICAGO,29,emma.wilson@sample.net
878, John Garcia  ,houston,55,john.garcia@demo.com
918,  James Moore,san diego,30,JAMES.MOORE@DEMO.COM
444,  Daniel Wilson,new york,,daniel.wilson@try.org
175,  Olivia Lopez  ,HOUSTON,25,olivia.lopez@demo.com
254,John Taylor ,Chicago,48,JOHN.TAYLOR@DEMO.COM
680,  Sophia Lopez ,san diego,37,   
885,Alex Taylor ,houston,49,alex.taylor@sample.net
146, Chris Martinez ,los angeles,32,chris.martinez@demo.com
931,  Emma Davis ,PHILADELPHIA,,EMMA.DAVIS@TRY.ORG
741,Daniel Taylor,Philadelphia,60,DANIEL.TAYLOR@SAMPLE.NET
189,Emma Garcia  ,San diego,28,EMMA.GARCIA@TRY.ORG
804,,Chicago,51,SOPHIA.MOORE@TRY.ORG
745,Chris Wilson  ,new york,57,chris.wilson@try.org
676, Emma Thomas  ,CHICAGO,49,emma.thomas@demo.com
721,  Maria Anderson  ,Chicago,27,
220,,PHOENIX,32,olivia.taylor@sample.net
816,Maria Martinez ,SAN DIEGO,24,maria.martinez@demo.com
288,  Emma Davis  ,phoenix,29,emma.davis@try.org
585,  Chris Lopez,san antonio,20,chris.lopez@demo.com
369,John Moore ,San diego,43,   
558,  Olivia Lopez,San diego,65,OLIVIA.LOPEZ@DEMO.COM
327,  Linda Thomas  ,    ,27,linda.thomas@sample.net
868,  ,CHICAGO,31,daniel.brown@demo.com
699, John Lopez,Chicago,20,   
741, Maria Moore,PHILADELPHIA,58,MARIA.MOORE@DEMO.COM
84, James Taylor,SAN DIEGO,41,james.taylor@try.org
277,Chris Brown,PHILADELPHIA,48,chris.brown@sample.net
435,  Alex Taylor,los angeles,42,
510,  Chris Anderson  ,PHOENIX,62,chris.anderson@sample.net
384,  John Wilson ,philadelphia,29,john.wilson@demo.com
123,  Sophia Taylor ,san diego,26,sophia.taylor@sample.net
559,  Sophia Martinez  ,SAN DIEGO,,sophia.martinez@try.org
785,Chris Garcia,Phoenix,44,chris.garcia@demo.com
626, John Lopez,los angeles,39,john.lopez@try.org
158,Daniel Moore ,    ,58,daniel.moore@sample.net
745,  Alex Thomas ,houston,31,alex.thomas@sample.net
864, Chris Brown  ,chicago,,CHRIS.BROWN@DEMO.COM
282,    ,   ,19,alex.anderson@sample.net
430, Emma Martinez,NEW YORK,20,
437,  James Garcia  ,philadelphia,55,james.garcia@demo.com
354,Daniel Brown ,new york,37,
340,,new york,47,EMMA.BROWN@DEMO.COM
948,Linda Brown,philadelphia,22,linda.brown@sample.net
814, Emma Wilson ,CHICAGO,61,EMMA.WILSON@SAMPLE.NET
